Nome,Popularidade_Stars,Maturidade_Idade,Atividade_Releases,Tamanho_LOC,Tamanho_Comentarios,CBO,DIT,LCOM
Snailclimb/JavaGuide,154568,7.9,0,300,29,2.33,1.0,14.33
krahets/hello-algo,124385,3.4,10,7707,7900,1.87,1.0,4.71
GrowingGit/GitHub-Chinese-Top-Charts,107172,6.57,0,5,1,0.0,1.0,0.0
iluwatar/java-design-patterns,93846,11.64,0,37970,59320,3.36,1.2,1.83
macrozheng/mall,83278,7.99,3,100903,3050,3.93,1.24,1110.8
spring-projects/spring-boot,80309,13.45,345,410417,0,5.49,1.29,12.92
doocs/advanced-java,78917,7.48,1,5,3,0.0,1.0,0.0
MisterBooo/LeetCodeAnimation,76687,7.32,0,78,16,1.0,1.0,0.0
TheAlgorithms/Java,65297,9.71,0,72448,31277,2.08,1.04,11.21
kdn251/interviews,64900,9.12,0,5621,4446,1.19,1.0,0.29
spring-projects/spring-framework,59796,15.31,359,771513,0,5.25,1.47,29.49
termux/termux-app,52712,10.44,95,24563,10645,5.91,1.43,60.83
google/guava,51514,11.84,57,250593,133466,4.26,1.85,51.05
ReactiveX/RxJava,48435,13.22,257,372960,81492,2.33,1.32,47.54
skylot/jadx,47895,13.03,34,138313,7817,4.37,1.65,32.3
jeecgboot/JeecgBoot,45652,7.34,70,55117,0,7.36,1.18,55.87
apache/dubbo,41687,13.78,113,257068,0,5.44,1.29,45.92
PhilJay/MPAndroidChart,38227,11.93,44,21111,9014,8.84,1.98,91.03
halo-dev/halo,38166,8.03,254,55914,10261,7.69,1.27,7.66
TeamNewPipe/NewPipe,37692,10.57,141,38887,8431,8.66,1.72,47.87
eugenp/tutorials,37345,12.92,0,546870,0,4.13,1.11,5.9
alibaba/arthas,37221,7.59,69,65589,0,4.69,1.36,30.2
YunaiV/ruoyi-vue-pro,36110,5.18,54,104440,0,7.95,1.22,16.2
geekxh/hello-algorithm,36049,5.84,0,61,969,1.0,1.0,0.0
doocs/leetcode,35845,7.54,21,4702,6117,2.7,1.01,0.37
ashishps1/awesome-system-design-resources,35707,2.43,0,336,13,0.82,1.0,0.0
airbnb/lottie-android,35600,9.48,63,18159,3834,6.97,1.29,35.8
bumptech/glide,35029,12.73,54,61128,14483,5.98,1.24,20.0
netty/netty,34897,15.39,3,388883,136601,4.49,1.53,69.02
SeleniumHQ/selenium,34170,13.21,114,99491,34973,5.79,1.38,33.49
xkcoding/spring-boot-demo,34113,8.39,0,7163,7427,5.05,1.13,2.32
zxing/zxing,33907,14.47,32,40179,17720,4.98,1.66,22.89
alibaba/easyexcel,33755,8.15,14,20545,10113,6.63,1.38,32.02
Blankj/AndroidUtilCode,33706,9.67,117,39995,18093,4.17,1.36,144.95
keycloak/keycloak,33658,12.74,103,576357,0,6.98,1.53,70.93
alibaba/nacos,32774,7.79,92,237899,0,5.42,1.28,22.63
binarywang/WxJava,32677,10.23,31,123627,0,5.45,1.21,20.96
apache/kafka,32255,14.63,0,723681,236129,7.98,1.44,64.99
conductor-oss/conductor,31597,2.31,40,94296,26393,7.44,1.23,60.83
ityouknow/spring-boot-examples,30629,9.4,0,4461,409,4.73,1.03,5.03
chinabugotech/hutool,30319,11.96,157,135824,116410,3.54,1.28,101.07
xuxueli/xxl-job,30000,10.34,42,8637,4907,5.01,1.16,24.75
apolloconfig/apollo,29755,10.07,43,36584,14760,7.53,1.24,15.44
alibaba/canal,29644,13.21,32,112746,19191,5.8,1.38,77.03
yuliskov/SmartTube,29232,5.67,984,244033,89053,6.66,1.55,66.31
alibaba/spring-cloud-alibaba,29087,8.33,51,19016,0,5.74,1.11,29.93
wuyouzhuguli/SpringAll,29010,7.91,0,6035,1295,5.24,1.11,3.75
DrKLO/Telegram,28786,12.43,95,1682799,105109,6.92,1.67,69.58
alibaba/druid,28209,14.41,52,349787,69261,5.23,1.65,229.41
lenve/vhr,28098,8.24,0,2971,387,4.44,1.02,48.33
crossoverJie/JCSprout,26993,8.28,0,4399,1425,1.96,1.09,1.77
kestra-io/kestra,26641,6.6,413,82504,14617,8.09,1.44,15.25
qiurunze123/miaosha,26601,7.54,0,8581,2218,4.15,1.13,14.3
OpenAPITools/openapi-generator,26047,7.89,79,274329,0,5.23,1.24,86.01
apache/incubator-seata,25966,7.26,45,277373,0,6.49,1.77,462.33
apache/flink,25907,11.81,0,1184815,0,7.21,1.64,35.5
alibaba/fastjson,25695,14.41,84,206496,14026,1.85,1.5,126.12
JakeWharton/butterknife,25409,13.07,0,7712,691,3.96,1.24,10.48
CodePhiliaX/Chat2DB,25307,2.78,43,35180,0,6.09,1.27,16.49
bazelbuild/bazel,25281,11.8,246,597205,0,7.57,1.62,70.79
scwang90/SmartRefreshLayout,25169,8.83,14,18146,4275,6.65,1.51,30.32
jenkinsci/jenkins,25153,15.35,484,188735,87222,6.35,1.91,46.61
libgdx/libgdx,24966,13.64,15,293577,0,5.14,1.79,3434.73
proxyee-down-org/proxyee-down,24783,8.43,49,3392,276,5.52,1.47,19.52
apache/skywalking,24764,10.4,63,128371,0,6.06,1.39,7.1
greenrobot/EventBus,24741,13.71,7,5269,1718,3.43,1.84,9.05
Netflix/Hystrix,24460,13.36,79,62010,0,3.34,1.57,20.25
google/gson,24333,11.03,12,34805,11713,3.03,1.29,20.78
redisson/redisson,24287,12.22,178,175777,0,5.78,1.34,174.16
iBotPeaches/Apktool,24166,14.03,28,13448,2862,5.87,1.78,53.96
dataease/dataease,23696,5.16,105,44558,6390,4.98,1.2,28.53
EnterpriseQualityCoding/FizzBuzzEnterpriseEdition,23583,13.35,0,894,0,2.9,1.0,0.23
LSPosed/LSPosed,23306,5.3,39,22952,4743,5.52,1.65,48.11
doocs/source-code-hunter,23133,6.42,0,5,3,0.0,1.0,0.0
alibaba/Sentinel,23098,7.99,26,56086,0,4.41,1.18,12.34
ashishps1/awesome-low-level-design,23030,2.37,0,14621,743,2.63,1.14,3.05
kunal-kushwaha/DSA-Bootcamp-Java,22408,4.67,0,6614,853,1.27,1.08,3.5
apache/rocketmq,22393,9.33,24,235165,49906,7.08,1.33,135.45
google/ExoPlayer,21934,11.8,28,262348,104568,7.59,1.3,52.22
elunez/eladmin,21933,7.29,1,8070,8192,8.01,1.16,6.26
CarGuo/GSYVideoPlayer,21424,9.38,65,32667,7082,5.33,1.54,52.35
brettwooldridge/HikariCP,21078,12.48,0,11464,4042,4.38,1.29,172.67
apache/shardingsphere,20702,10.2,59,248139,0,7.35,1.37,29.67
didi/DoKit,20431,7.63,14,80480,28136,4.51,1.32,71.77
mybatis/mybatis-3,20402,13.12,46,61067,28395,3.57,1.24,21.27
linlinjava/litemall,20211,8.02,8,90884,40871,4.62,1.13,1532.88
ReactiveX/RxAndroid,20154,11.61,20,1452,240,2.27,1.13,3.09
yudaocode/SpringBoot-Labs,20077,7.55,0,17714,0,4.3,1.05,1.44
dianping/cat,18968,13.32,3,98001,22914,5.53,1.43,23.04
lionsoul2014/ip2region,18887,10.41,21,2564,534,4.1,1.21,11.19
Baseflow/PhotoView,18853,13.7,5,1792,360,4.73,1.36,24.6
antlr/antlr4,18807,16.15,31,41022,16397,5.77,1.84,48.3
YunaiV/yudao-cloud,18721,6.91,40,102687,0,7.91,1.21,16.01
dromara/Sa-Token,18710,6.15,39,27350,35866,4.49,1.22,60.22
williamfiset/Algorithms,18544,9.03,0,32371,8719,2.7,1.06,23.71
Tencent/APIJSON,18404,9.36,112,13927,4948,5.91,1.24,1169.33
LMAX-Exchange/disruptor,18270,13.52,14,13167,7078,4.48,1.29,25.88
forezp/SpringCloudLearning,17968,8.98,0,1123,344,4.55,1.05,0.55
Tencent/tinker,17787,9.56,60,40447,10100,4.79,1.6,28.47
ben-manes/caffeine,17578,11.3,72,91003,21298,5.06,1.55,165.41
infinilabs/analysis-ik,17433,14.29,1,2620,1447,4.82,1.37,18.37
justauth/JustAuth,17416,7.16,46,6054,3335,5.51,1.34,12.98
baomidou/mybatis-plus,17333,9.62,40,39158,0,5.91,1.33,25.06
gyoogle/tech-interview-for-developer,17244,6.81,0,636,52,1.31,1.0,0.92
material-components/material-components-android,17223,9.32,118,120176,0,7.16,1.54,93.8
facebook/fresco,17160,11.08,55,46482,14533,6.63,1.42,27.18
alibaba/DataX,17146,8.2,7,81194,9582,4.5,1.72,22.65
nostra13/Android-Universal-Image-Loader,17026,14.34,0,7434,5246,4.86,1.59,28.84
heibaiying/BigData-Notes,16880,7.06,0,2124,657,5.71,1.22,0.82
winterbe/java8-tutorial,16766,12.04,0,2081,335,1.03,1.0,3.91
shuzheng/zheng,16698,9.49,0,41742,3447,4.53,1.41,340.86
prestodb/presto,16673,13.64,14,804595,0,8.8,1.39,84.94
JeffLi1993/springboot-learning-example,16591,9.14,0,1641,1436,4.61,1.04,2.85
ashishps1/awesome-leetcode-resources,16116,2.43,0,360,69,1.18,1.0,4.73
android-hacker/VirtualXposed,15986,8.33,50,47736,5156,3.95,2.79,14.7
dyc87112/SpringBoot-Learning,15789,9.61,0,2790,893,4.45,1.03,1.45
quarkusio/quarkus,15570,7.73,465,950807,0,5.18,1.23,53.25
android10/Android-CleanArchitecture,15556,11.61,0,2260,1714,5.14,1.43,6.72
apache/hadoop,15512,11.59,0,1672354,0,7.47,1.61,70.33
Konloch/bytecode-viewer,15460,11.46,62,21768,9086,4.74,2.05,13.69
mockito/mockito,15430,13.46,226,53190,21440,3.46,1.4,19.06
apache/pulsar,15183,9.75,123,510936,0,6.87,1.68,89.74
apache/doris,15165,8.64,84,687672,0,8.54,1.7,126.81
java-decompiler/jd-gui,15063,11.02,18,19309,2634,4.54,2.42,11.12
zhisheng17/flink-learning,15055,7.24,0,15829,0,4.38,1.14,3.02
supertokens/supertokens-core,14991,6.23,116,112693,16204,11.23,1.33,72.98
zaproxy/zaproxy,14937,10.83,25,171397,76517,4.75,1.91,70.92
cryptomator/cryptomator,14852,12.16,205,19116,1573,8.41,1.42,19.62
theonedev/onedev,14824,7.4,469,339086,14350,5.85,1.4,26.85
elastic/logstash,14814,15.36,238,43734,16069,5.41,1.62,21.19
eclipse-vertx/vert.x,14659,14.79,0,168106,43406,6.68,1.64,157.2
arduino/Arduino,14557,15.53,37,25793,10417,4.13,1.77,32.72
hdodenhof/CircleImageView,14538,12.2,0,360,22,11.0,2.33,178.67
Tencent/QMUI_Android,14513,8.94,35,58309,10302,5.47,1.63,35.34
alibaba/ARouter,14497,9.29,16,3165,1468,3.69,1.41,17.45
GoogleContainerTools/jib,14361,8.19,176,35416,0,7.06,1.22,17.12
languagetool-org/languagetool,14241,12.64,0,214699,0,5.39,1.59,55.57
deeplearning4j/deeplearning4j,14214,12.34,0,571489,0,8.4,2.19,54025.11
DuGuQiuBai/Java,14208,10.35,0,10840,4879,0.77,1.18,1.08
apache/dolphinscheduler,14202,7.08,56,99802,0,6.56,1.38,11.73
kekingcn/kkFileView,14029,8.3,16,9777,0,7.21,1.05,163.94
Netflix/zuul,14003,13.05,65,22405,9444,6.56,1.61,25.0
janishar/mit-deep-learning-book-pdf,13975,8.98,3,2,0,0.0,1.0,0.0
apache/druid,13968,13.43,71,782875,0,7.89,1.37,62.52
xpipe-io/xpipe,13949,3.17,149,72786,1490,7.24,1.63,19.92
sqshq/piggymetrics,13885,11.01,2,1881,178,6.04,1.06,3.83
orhanobut/logger,13876,11.03,16,827,271,5.83,1.17,14.94
pinpoint-apm/pinpoint,13819,11.44,62,292230,0,5.26,1.14,11.69
lgvalle/Material-Animations,13769,11.06,0,1010,54,4.4,1.47,4.76
seaswalker/spring-analysis,13761,9.56,0,378,130,2.42,1.24,1.79
JessYanCoding/AndroidAutoSize,13746,7.62,14,1720,2036,5.41,1.41,31.29
LuckSiege/PictureSelector,13596,9.23,116,39103,10930,5.16,1.24,49.45
tink-crypto/tink,13555,11.82,21,82161,31353,7.67,1.29,30.08
Bigkoo/Android-PickerView,13469,11.26,0,4421,978,3.73,1.15,15.49
macrozheng/mall-learning,13367,6.97,0,14384,2192,4.97,1.1,229.51
pxb1988/dex2jar,13103,11.04,8,41715,6301,5.43,1.57,21.13
metersphere/metersphere,13054,6.15,184,321954,26877,6.68,1.3,446.24
youth5201314/banner,13042,9.94,0,2724,564,6.08,1.84,47.68
alibaba/COLA,12921,8.15,11,9619,0,4.33,1.33,4.97
macrozheng/mall-swarm,12893,6.35,3,101603,4352,3.79,1.23,1106.23
plantuml/plantuml,12858,15.4,67,199762,166217,7.16,1.52,36.37
codecentric/spring-boot-admin,12827,11.68,147,13881,7050,7.75,1.29,7.26
Netflix/conductor,12788,9.31,319,47052,13547,7.5,1.25,78.67
microg/GmsCore,12756,11.94,45,58046,0,6.0,1.72,14.03
apache/zookeeper,12744,17.01,0,124155,42817,5.69,1.99,37.12
google/guice,12732,11.84,19,84793,21479,3.8,1.3,8.46
Netflix/eureka,12701,13.68,152,33579,10678,5.86,1.27,18.61
facebook/stetho,12700,11.19,13,19241,3889,4.38,1.42,7.5
opensearch-project/OpenSearch,12673,5.17,65,1331232,0,7.44,1.72,39.52
greenrobot/greenDAO,12617,14.44,8,18545,4931,5.02,2.1,47.45
debezium/debezium,12565,10.19,0,216862,64880,6.84,1.6,61.1
zhihu/Matisse,12561,8.96,15,3418,1130,6.66,1.39,8.08
LawnchairLauncher/lawnchair,12490,9.08,32,283473,0,10.78,1.55,193.24
daimajia/AndroidViewAnimations,12471,11.77,9,965,1464,3.38,1.8,2.29
daimajia/AndroidSwipeLayout,12384,11.6,18,2770,209,3.72,1.32,58.91
pagehelper-org/Mybatis-PageHelper,12380,11.81,15,7474,6001,5.82,1.46,29.39
amitshekhariitbhu/android-interview-questions,12301,8.73,0,5,0,0.0,1.0,0.0
redis/jedis,12298,15.8,120,126429,28543,5.71,1.42,460.72
beemdevelopment/Aegis,12202,9.62,73,24210,859,7.43,1.71,22.87
Team-xManager/xManager,12190,5.14,51,21822,1,2.02,1.02,4.73
Yalantis/uCrop,12112,10.23,20,4707,992,6.34,1.36,28.91
PaperMC/Paper,12088,10.19,0,162674,118877,6.96,1.68,102.1
Tencent/matrix,11999,7.3,16,79032,0,5.68,1.34,12.89
grpc/grpc-java,11997,11.31,189,262829,64691,5.66,1.42,14.14
provectus/kafka-ui,11988,6.34,25,18139,689,7.24,1.51,17.13
Tencent/VasSonic,11876,8.66,10,7421,3078,4.2,1.28,21.61
OpenRefine/OpenRefine,11791,13.46,76,73864,32341,6.7,1.69,13.14
datahub-project/datahub,11739,10.37,135,268607,0,11.28,1.21,21.73
code4craft/webmagic,11698,12.94,33,8794,2593,4.53,1.18,11.47
jd-opensource/joyagent-jdgenie,11611,0.71,1,9182,1065,4.98,1.12,4.73
newbee-ltd/newbee-mall,11543,6.52,0,3935,1457,5.03,1.07,34.91
StarRocks/starrocks,11525,4.57,180,868166,0,7.23,1.47,134.95
realm/realm-java,11486,13.94,0,110167,31691,4.29,1.21,51.75
careercup/CtCI-6th-Edition,11471,10.75,0,21093,1277,2.13,1.07,4.48
gyf-dev/ImmersionBar,11468,8.95,0,7237,2802,6.35,2.11,159.25
langchain4j/langchain4j,11400,2.78,61,181740,0,6.22,1.21,20.29
jhy/jsoup,11361,16.28,21,39504,8072,6.12,1.77,228.87
apereo/cas,11320,14.56,315,232911,0,10.23,1.49,7.8
ssssssss-team/spider-flow,11318,6.01,2,8748,942,5.39,1.73,20.33
mission-peace/interview,11308,11.7,0,27259,5478,2.01,1.04,3.41
permissions-dispatcher/PermissionsDispatcher,11198,10.63,40,3184,132,1.62,1.23,34.38
daniulive/SmarterStreaming,11164,10.01,0,10750,2740,3.85,1.05,71.55
lingochamp/FileDownloader,11124,10.27,65,14387,5340,4.53,1.69,42.01
H07000223/FlycoTabLayout,11111,10.39,4,2730,207,6.45,1.55,223.09
apple/pkl,11103,2.2,21,68277,17204,6.39,4.32,29.91
jwtk/jjwt,11053,11.55,9,16052,20485,5.62,1.99,25.83
jfeinstein10/SlidingMenu,11024,13.75,0,3085,1026,5.12,1.96,47.45
androidannotations/androidannotations,11004,14.23,0,28800,0,5.96,1.68,26.1
asLody/VirtualApp,10948,9.73,0,46624,4773,3.94,2.59,15.61
opendataloader-project/opendataloader-pdf,10896,0.88,53,15527,5553,7.47,1.19,51.12
square/javapoet,10859,13.16,0,7543,1206,4.52,1.15,129.29
clojure/clojure,10835,15.75,0,46848,12245,3.6,1.5,130.21
TooTallNate/Java-WebSocket,10797,16.19,19,13166,7399,3.59,1.82,37.06
alibaba/vlayout,10761,9.09,34,14042,3735,5.31,1.86,72.54
zfile-dev/zfile,10719,6.61,67,13242,6613,7.09,1.48,9.8
iflytek/astron-agent,10686,0.53,12,73357,24900,6.2,1.06,24.56
android-async-http/android-async-http,10618,15.11,3,7620,3451,5.66,1.79,45.88
resilience4j/resilience4j,10611,10.83,36,65780,0,7.18,1.45,17.66
jeasonlzy/okhttp-OkGo,10587,10.21,14,13418,5848,5.65,1.62,19.45
google/auto,10554,12.86,67,32353,10822,4.12,1.71,25.93
Activiti/Activiti,10521,13.54,1000,157277,0,5.81,1.52,89.62
lipangit/JiaoZiVideoPlayer,10504,10.15,78,4511,250,7.28,2.12,56.64
signalapp/Signal-Server,10470,12.31,0,60089,10532,9.31,1.48,15.66
tbruyelle/RxPermissions,10440,10.5,11,876,113,4.65,1.1,10.1
JingMatrix/Vector,10426,2.7,5,20302,4000,5.44,1.68,56.99
SonarSource/sonarqube,10384,15.23,70,418590,0,7.27,1.16,27.67
awsdocs/aws-doc-sdk-examples,10384,9.62,0,83593,0,7.11,1.04,6.36
JessYanCoding/MVPArms,10269,9.65,25,5986,4850,6.64,1.28,32.1
ZCShou/GoGoGo,10160,4.32,8,3813,278,7.71,1.46,12.88
JakeWharton/ViewPagerIndicator,10085,14.66,0,2947,360,6.02,2.71,29.27
stanfordnlp/CoreNLP,10063,12.76,19,557599,132428,5.92,1.65,148.58
happydog-intj/JsBridge,9929,11.09,0,1160,219,3.5,1.16,17.09
xuchengsheng/spring-reading,9925,2.54,0,3078,0,2.81,1.03,0.54
wasabeef/glide-transformations,9909,11.22,0,991,443,5.56,2.15,2.78
googlesamples/easypermissions,9895,10.27,12,1705,414,8.94,1.48,12.21
paascloud/paascloud-master,9884,8.04,0,16428,22986,6.1,1.32,5.46
hackware1993/MagicIndicator,9812,9.76,12,4533,278,5.0,1.34,26.94
OpenFeign/feign,9782,12.76,49,40161,12896,5.09,1.67,14.29
HarlonWang/AVLoadingIndicatorView,9776,10.43,1,2161,171,3.57,1.78,6.75
lihengming/spring-boot-api-project-seed,9713,8.77,4,484,71,5.0,1.27,9.73
spinnaker/spinnaker,9710,11.75,28,244234,0,6.62,1.51,14.11
YoKeyword/Fragmentation,9704,10.1,30,8981,1606,5.23,1.71,15.12
apache/cassandra,9678,16.86,0,780539,214498,6.89,1.77,60.53
perwendel/spark,9663,14.9,0,9588,6613,4.54,1.3,47.12
koral--/android-gif-drawable,9655,13.16,63,2949,1497,6.12,1.66,59.73
AutoMQ/automq,9642,2.62,81,676155,222040,7.22,1.4,45.89
flyway/flyway,9640,13.29,292,31728,0,5.93,1.5,51.2
ksoichiro/Android-ObservableScrollView,9625,11.39,0,12621,2935,5.01,1.97,7.57
bilibili/DanmakuFlameMaster,9612,12.64,5,12879,1339,5.16,1.61,47.51
seven332/EhViewer,9556,11.88,97,44372,7906,7.14,1.82,45.26
MyCATApache/Mycat-Server,9540,11.32,7,92943,31068,4.9,1.29,78.49
liaohuqiu/android-Ultra-Pull-To-Refresh,9529,11.38,8,5476,642,4.06,1.42,19.14
crossoverJie/cim,9488,7.86,9,5634,1697,4.89,1.28,5.84
spring-projects/spring-security,9480,14.22,249,288661,0,7.71,1.26,10.48
umano/AndroidSlidingUpPanel,9480,12.83,8,2011,916,4.94,1.35,132.0
Justson/AgentWeb,9410,8.88,21,11320,2829,5.4,1.49,18.79
json-path/JsonPath,9393,15.18,12,17152,3489,4.59,1.48,29.39
pockethub/PocketHub,9377,14.56,1,6980,5210,6.58,1.48,9.04
huanghaibin-dev/CalendarView,9371,9.05,1,11557,4203,6.57,2.16,53.18
GcsSloop/AndroidNote,9338,10.24,0,402,85,4.88,1.38,8.12
apache/jmeter,9299,15.85,10,126976,67371,5.53,2.0,62.19
android/testing-samples,9298,11.47,0,1849,0,5.5,1.35,3.15
apache/seatunnel,9216,8.65,53,299922,0,6.85,1.36,31.96
cats-oss/android-gpuimage,9158,13.49,0,6341,2600,2.96,2.16,11.3
flowable/flowable-engine,9154,9.46,29,534103,0,6.57,1.62,151.57
didi/VirtualAPK,9065,8.75,4,7981,1345,4.9,1.61,17.58
alibaba/spring-ai-alibaba,9032,1.56,18,116056,0,6.23,1.21,13.66
HMCL-dev/HMCL,9030,10.77,319,96942,21903,6.83,1.71,35.14
KunMinX/Jetpack-MVVM-Best-Practice,8949,6.41,0,3691,1781,4.84,1.62,12.0
navasmdc/MaterialDesignLibrary,8945,11.5,3,2927,247,4.54,1.82,6.76
LSPosed/LSPatch,8928,5.08,9,7008,6037,4.34,1.35,23.88
Freelander/Android_Data,8918,10.99,0,116,30,2.0,1.0,3.0
java-native-access/jna,8909,14.92,0,107353,102938,4.86,2.53,44.59
frohoff/ysoserial,8830,11.17,1,3851,980,5.46,1.34,8.89
karatelabs/karate,8823,9.14,57,64712,22883,5.61,1.2,149.45
PojavLauncherTeam/PojavLauncher,8812,6.05,126,27149,5770,6.23,1.41,124.73
nathanmarz/storm,8789,14.54,0,60552,11847,4.43,1.29,33.07
apache/shenyu,8784,7.72,14,148795,0,5.99,1.23,18.15
laobie/StatusBarUtil,8770,10.12,0,1036,326,4.15,1.55,22.55
cabaletta/baritone,8763,7.66,85,22328,11812,6.7,1.39,22.17
Blankj/awesome-java-leetcode,8732,8.95,0,1772,939,1.68,1.0,1.17
apache/iceberg,8682,7.36,32,336606,112564,8.63,1.69,37.05
chrisbanes/Android-PullToRefresh,8664,14.34,0,3567,1535,6.02,2.11,55.84
ybq/Android-SpinKit,8652,10.03,0,1812,311,4.82,3.17,21.52
amitshekhariitbhu/Android-Debug-Database,8648,9.37,14,2393,755,4.15,1.28,8.8
react-native-image-picker/react-native-image-picker,8636,10.81,142,818,47,6.18,1.55,66.18
shwenzhang/AndResGuard,8633,10.47,4,6506,1149,3.53,1.5,22.38
testcontainers/testcontainers-java,8616,10.97,91,32587,7987,5.32,1.48,21.76
dropwizard/dropwizard,8598,15.2,192,39973,9024,5.96,1.52,18.82
airbnb/epoxy,8571,9.64,78,43301,11565,7.18,1.81,138.32
google/tsunami-security-scanner,8560,5.82,1,9082,5191,6.23,1.53,15.12
junit-team/junit4,8550,17.21,13,32946,7448,3.87,1.46,12.96
aeron-io/aeron,8542,12.14,139,127125,51797,8.01,1.3,117.32
chrisjenx/Calligraphy,8542,12.28,4,968,569,5.72,1.44,11.36
apache/beam,8534,10.16,57,750168,0,7.47,1.53,20.46
wildfirechat/im-server,8469,7.18,115,161175,21407,6.44,1.54,112.16
DImuthuUpe/AndroidPdfViewer,8463,9.83,0,3325,1035,4.86,1.25,76.77
hs-web/hsweb-framework,8400,10.2,32,26119,0,6.17,1.35,11.53
roughike/BottomBar,8384,10.04,4,2834,477,4.91,1.29,61.67
spring-projects/spring-ai,8366,2.76,19,177764,0,7.03,1.21,27.99
pentaho/pentaho-kettle,8324,12.48,1,791731,0,6.05,1.28,81.87
bytedeco/javacv,8306,11.94,14,26976,5125,6.13,2.13,134.85
alibaba/transmittable-thread-local,8275,12.46,58,6932,0,5.59,1.43,12.35
aritraroy/UltimateAndroidReference,8243,8.97,0,22,0,1.0,1.0,0.0
apache/shardingsphere-elasticjob,8221,10.55,31,15593,0,5.46,1.15,3.19
krahets/LeetCode-Book,8207,4.28,0,5690,0,1.29,1.0,0.07
alibaba/atlas,8165,9.08,7,157514,140824,5.64,1.44,29.88
alibaba/otter,8130,12.64,10,68163,26871,4.61,1.37,32.45
apache/tomcat,8130,14.5,0,360535,167784,4.54,1.82,182.94
florent37/MaterialViewPager,8105,10.93,11,1616,381,4.55,1.3,9.39
LaurieWired/GhidraMCP,8098,1.02,5,1219,197,16.33,1.67,459.0
guolindev/LitePal,8083,13.11,0,11830,8420,5.01,1.65,49.45
junixapp/XPopup,8022,7.31,221,12348,2077,4.7,1.58,22.9
davemorrissey/subsampling-scale-image-view,8009,12.59,21,4262,1140,5.62,1.58,79.72
Graylog2/graylog2-server,7992,15.87,0,269958,0,8.22,1.33,18.3
gunnarmorling/1brc,7990,2.26,0,53431,7332,3.17,1.09,7.58
Netflix/SimianArmy,7982,13.73,4,16056,8835,5.85,1.42,25.16
JakeWharton/hugo,7911,12.34,0,384,2,5.71,1.14,27.71
jeecgboot/jimureport,7893,6.32,33,350,462,6.17,1.0,2.5
exadel-inc/CompreFace,7865,5.73,11,7766,2939,7.85,1.66,3.89
dropwizard/metrics,7849,16.09,142,30088,5096,5.53,1.37,9.14
HannahMitt/HomeMirror,7830,10.6,0,1719,607,2.73,1.08,5.35
AntennaPod/AntennaPod,7773,13.66,65,55108,4184,7.55,1.49,20.85
lecho/hellocharts-android,7767,11.47,14,10995,1844,6.31,1.52,40.29
ChrisRM/material-theme-jetbrains,7763,10.52,17,14517,9764,4.33,2.25,84.42
Tencent/Shadow,7743,6.8,5,21909,0,4.25,1.78,17.33
MuntashirAkon/AppManager,7726,5.83,76,128612,18862,7.93,1.47,73.87
PowerJob/PowerJob,7717,6.04,51,24684,11520,5.75,1.18,5.14
goldze/MVVMHabit,7709,8.69,3,9110,3347,3.58,1.27,15.76
trello-archive/RxLifecycle,7669,10.7,22,2368,815,6.43,1.65,1.41
FongMi/TV,7661,3.77,0,30986,1,6.88,1.42,107.15
vipshop/vjtools,7652,7.84,9,18382,6076,3.13,1.28,26.3
mapstruct/mapstruct,7634,13.84,36,103911,0,3.83,1.17,11.19
gedoor/MyBookshelf,7623,7.8,165,48375,6315,6.34,1.47,58.66
google/android-classyshark,7596,10.47,17,8714,2446,3.17,1.28,10.25
MinecraftForge/MinecraftForge,7573,14.17,0,56657,0,7.42,1.57,32.69
koush/AndroidAsync,7551,13.6,0,18086,3066,3.61,1.53,19.44
kaushikgopal/RxJava-Android-Samples,7526,11.69,0,2633,187,6.63,1.83,9.2
kevin-wayne/algs4,7524,10.58,0,22522,28066,4.0,1.02,47.47
swagger-api/swagger-core,7521,14.74,130,45855,0,4.71,1.23,48.43
Genymobile/gnirehtet,7517,9.14,12,4330,1062,3.77,1.19,14.3
yuanguangxin/LeetCode,7492,6.22,0,3441,415,1.24,1.0,0.84
dependency-check/DependencyCheck,7472,13.57,91,41996,34041,6.94,1.83,63.96
lenve/VBlog,7434,8.26,0,781,136,4.55,1.03,29.07
enso-org/enso,7431,9.29,714,129564,0,6.44,1.68,36.55
dyc87112/SpringCloud-Learning,7394,9.61,0,13492,0,5.88,1.04,28.73
gocd/gocd,7386,12.3,87,257388,0,7.5,1.28,34.5
abel533/Mapper,7385,11.36,11,19455,11525,5.09,1.24,36.24
Qihoo360/RePlugin,7350,8.81,19,30275,17284,5.2,1.42,32.02
leolin310148/ShortcutBadger,7340,12.37,0,885,240,5.29,1.16,3.48
iflytek/astron-rpa,7312,0.53,5,39850,21614,5.62,1.14,38.2
square/dagger,7308,13.66,0,8043,3168,3.17,1.23,5.99
Bearded-Hen/Android-Bootstrap,7254,12.41,5,10389,920,6.96,1.67,31.39
Exrick/xmall,7244,8.67,0,45293,1964,4.31,1.16,632.83
zhongyi-tong/WeChatLuckyMoney,7243,10.5,20,931,88,5.38,1.38,8.81
crazycodeboy/TakePhoto,7237,10.66,15,2403,773,5.05,1.25,10.89
pedant/sweet-alert-dialog,7229,11.45,2,943,29,4.38,1.25,31.06
NanoHttpd/nanohttpd,7211,13.64,3,7106,3655,4.34,1.79,22.16
cymcsg/UltimateRecyclerView,7193,11.17,9,16083,4794,5.21,1.69,41.39
wiremock/wiremock,7187,14.48,52,77821,22313,5.99,1.42,69.88
didi/KnowStreaming,7177,6.03,23,31517,7651,7.2,1.82,10.32
Alluxio/alluxio,7173,13.27,61,252449,119524,6.91,1.48,30.66
google/error-prone,7148,11.61,64,106945,51237,7.96,1.55,27.24
apache/hertzbeat,7145,4.15,7,81566,0,7.12,1.25,13.03
google/agera,7135,10.29,16,10897,4372,6.33,1.24,14.84
traccar/traccar,7127,13.95,69,69484,16471,5.62,1.92,6.0
rest-assured/rest-assured,7125,15.44,0,28974,0,5.17,1.21,105.87
h2pl/JavaTutorial,7121,7.92,1,14,9,0.33,1.0,0.33
ogaclejapan/SmartTabLayout,7084,11.12,0,1912,673,6.36,1.64,9.71
Col-E/Recaf,7072,8.68,170,76679,39714,8.36,1.59,27.76
JakeWharton/ActionBarSherlock,7071,15.07,32,26463,11115,6.28,1.95,63.4
naman14/Timber,7051,10.8,5,21859,3314,5.4,1.46,19.75
mrniko/netty-socketio,7024,14.21,19,6758,2779,4.82,1.26,32.1
NLPchina/elasticsearch-sql,7021,11.6,302,33009,3869,9.58,2.08,189.52
junit-team/junit-framework,6993,11.22,107,103190,0,4.71,1.3,35.79
DroidPluginTeam/DroidPlugin,6974,10.59,2,22301,6329,3.3,4.39,3.7
alibaba/jvm-sandbox,6958,8.66,13,14407,5954,3.48,1.33,12.36
logisim-evolution/logisim-evolution,6943,11.53,32,168706,19975,6.05,2.42,29.12
macrozheng/springcloud-learning,6922,6.56,0,5631,1339,4.88,1.02,85.88
smuyyh/BookReader,6878,9.66,0,30914,9386,4.8,1.44,25.32
rabbitmq/rabbitmq-tutorials,6875,15.52,0,1586,459,4.59,1.0,2.2
getActivity/AndroidProject,6865,7.44,18,21674,4866,7.93,2.26,19.85
Meituan-Dianping/walle,6862,9.22,1,4633,3142,3.15,1.19,8.69
hongyangAndroid/okhttputils,6856,10.62,0,1961,270,3.73,1.46,6.2
vespa-engine/vespa,6849,9.82,271,608094,106794,6.09,1.62,40.3
CeuiLiSA/Pixiv-Shaft,6806,7.0,126,37728,4045,4.86,1.44,25.2
guardianproject/haven,6796,9.08,37,4561,911,6.82,1.39,11.77
zo0r/react-native-push-notification,6792,10.29,35,1884,157,6.31,1.24,15.48
raphw/byte-buddy,6790,12.34,312,291974,0,6.13,1.63,15.21
Angel-ML/angel,6786,8.93,20,207142,46712,7.43,1.75,63.43
fuzhengwei/itstack-demo-design,6777,5.86,0,3992,904,2.17,1.11,5.33
527515025/springBoot,6773,9.39,0,6250,2180,5.09,1.15,15.5
gzu-liyujiang/AndroidPicker,6771,10.44,58,13541,5653,5.44,1.64,51.72
648540858/wvp-GB28181-pro,6748,5.37,2,49786,9908,8.24,1.28,33.3
Meituan-Dianping/Leaf,6737,7.3,0,1305,85,3.48,1.42,11.25
markzhai/AndroidPerformanceMonitor,6733,10.2,0,2234,643,4.07,1.28,14.07
Suwayomi/Suwayomi-Server,6715,5.27,58,41481,39053,5.55,1.62,1495.52
getActivity/XXPermissions,6711,7.79,74,9158,3886,6.67,1.55,86.09
quartz-scheduler/quartz,6709,10.06,8,35394,29567,5.58,1.45,124.58
zouzg/mybatis-generator-gui,6706,9.89,16,3047,245,7.18,1.49,69.95
hongyangAndroid/AndroidAutoLayout,6690,10.36,0,2370,265,5.83,2.0,8.81
jOOQ/jOOQ,6688,14.95,122,228082,288423,9.81,1.82,1679.74
apache/storm,6675,12.4,8,363171,62321,5.36,1.22,49.07
yanzhenjie/AndPermission,6646,9.55,0,4486,2407,3.99,1.17,7.49
JesusFreke/smali,6616,13.52,0,46762,25528,6.02,1.67,15.02
apache/zeppelin,6609,11.02,0,190534,27639,5.76,1.26,43.4
pig-mesh/pig,6607,6.6,20,7659,13739,6.95,1.31,5.3
hazelcast/hazelcast,6606,14.03,201,1133711,0,7.92,1.76,44.89
GrenderG/Toasty,6595,9.2,19,487,73,4.06,1.06,56.62
NLPchina/ansj_seg,6541,13.57,3,12130,2979,6.32,1.19,9.58
ximsfei/Android-skin-support,6522,9.21,0,19377,2303,6.08,1.39,17.67
processing/processing,6496,13.18,48,110008,50756,3.73,1.64,507.76
nayuki/QR-Code-generator,6493,9.96,5,1823,1476,3.95,1.42,19.58
hibernate/hibernate-orm,6463,15.49,170,1099305,0,6.92,1.34,74.93
freeok/so-novel,6450,3.85,53,3198,684,5.86,1.18,3.11
ArthurHub/Android-Image-Cropper,6431,11.21,32,4655,2060,7.72,1.38,70.38
wxiaoqi/Spring-Cloud-Platform,6428,8.85,3,6014,3356,4.89,1.41,57.65
jetlinks/jetlinks-community,6422,6.24,21,61140,0,8.8,1.28,11.85
gephi/gephi,6420,14.44,19,134361,64157,4.62,1.67,29.45
vinc3m1/RoundedImageView,6418,13.1,19,1265,302,8.4,1.8,107.47
Javen205/IJPay,6417,8.91,24,14136,12350,5.59,1.37,139.4
AsyncHttpClient/async-http-client,6407,15.07,12,33464,9189,6.08,1.49,49.5
micronaut-projects/micronaut-core,6394,8.07,353,182533,0,5.69,1.31,36.04
graphhopper/graphhopper,6382,14.11,46,103028,27924,6.76,1.26,33.28
aa112901/remusic,6382,10.02,0,47786,7021,5.19,1.45,41.65
apache/flink-cdc,6381,5.68,24,133457,0,8.43,1.45,28.52
joelittlejohn/jsonschema2pojo,6367,12.77,67,13773,0,6.64,1.16,46.54
DerekYRC/mini-spring,6352,5.37,1,2509,1130,3.42,1.22,5.09
wasabeef/richeditor-android,6347,11.0,0,804,59,2.42,1.14,46.95
sshahine/JFoenix,6343,10.56,0,24546,7634,6.92,1.62,22.08
amitshekhariitbhu/from-java-to-kotlin,6335,8.86,0,37,0,0.5,1.0,0.0
apache/iotdb,6304,7.35,51,812502,0,8.32,1.61,111.34
lightbend/config,6296,14.32,4,13237,4801,5.48,2.06,76.24
koush/ion,6260,12.86,0,9443,2062,4.58,1.46,23.6
apache/incubator-kie-drools,6234,15.11,6,769340,0,6.57,1.62,65.08
graphql-java/graphql-java,6231,10.74,101,73132,16740,8.34,1.37,36.37
ityouknow/spring-cloud-examples,6215,8.92,0,390,22,3.83,1.02,0.47
auth0/java-jwt,6210,12.07,46,8924,1654,5.66,1.63,142.74
loks666/get_jobs,6175,2.06,3,9790,2441,5.22,1.0,33.32
google/grafika,6159,12.28,1,10035,4377,6.41,1.75,6.89
apache/camel,6159,16.86,0,2051035,0,4.86,1.62,80.35
Vedenin/useful-java-links,6153,10.13,0,5967,1455,2.3,1.02,1.83
alipay/SoloPi,6149,7.05,8,56327,13839,4.62,1.21,13.14
LandGrey/SpringBootVulExploit,6128,5.86,0,258,5,3.43,1.0,3.57
apache/hudi,6127,9.29,33,335609,137729,9.32,1.57,65.47
vavr-io/vavr,6126,12.16,22,71254,39619,8.69,1.23,1009.19
obsidiandynamics/kafdrop,6125,6.84,50,4200,1116,5.54,1.32,28.19
ikew0ng/SwipeBackLayout,6103,12.6,0,1635,820,5.22,1.39,61.33
rengwuxian/MaterialEditText,6098,11.42,19,3385,834,5.65,1.31,742.85
google/google-java-format,6096,10.89,43,11870,3292,5.99,1.47,84.19
daimajia/NumberProgressBar,6090,11.92,3,380,87,3.17,1.33,91.83
javaparser/javaparser,6063,14.42,57,145306,0,8.77,1.94,283.86
apache/pinot,6053,11.87,21,615165,0,7.4,1.52,55.78
ZhongFuCheng3y/austin,6050,4.4,0,6538,5753,6.27,1.12,1.45
apache/nifi,6035,11.3,0,676231,0,7.41,1.49,59.99
singwhatiwanna/dynamic-load-apk,6024,12.0,0,2620,601,5.81,1.45,9.42
apache/hive,6013,16.86,0,2024521,340954,6.9,1.41,92.73
pedrovgs/EffectiveAndroidUI,6010,11.74,0,1923,1510,4.44,1.34,11.62
jeequan/jeepay,6003,8.63,0,17168,15545,8.85,1.78,4.29
robolectric/robolectric,6000,15.59,111,229196,37133,5.94,1.35,72.01
opengoofy/hippo4j,5990,4.79,18,31320,0,4.58,1.2,5.93
WeiYe-Jing/datax-web,5990,6.36,5,13801,6829,5.04,1.39,13.24
btraceio/btrace,5988,11.59,33,53275,21593,4.74,1.33,79.95
00-Evan/shattered-pixel-dungeon,5984,11.67,52,164472,30251,6.34,2.85,13.83
google/physical-web,5980,11.5,17,7481,3016,4.79,1.29,26.71
rey5137/material,5965,11.31,10,27346,4217,6.51,1.65,54.5
wyouflf/xUtils3,5958,10.42,9,12561,2024,5.22,1.41,27.45
youtube/api-samples,5955,12.31,0,2541,1968,6.4,1.0,4.38
springfox/springfox,5937,13.9,12,32115,17060,5.7,1.12,23.25
liyifeng1994/ssm,5937,9.78,0,369,107,4.16,1.68,2.05
journeyapps/zxing-android-embedded,5936,13.34,9,5169,2112,5.44,1.36,21.92
JSQLParser/JSqlParser,5936,14.77,37,50949,11587,6.22,1.56,511.09
prolificinteractive/material-calendarview,5930,11.14,22,3658,1211,6.45,1.53,69.01
antoniolg/androidmvp,5909,11.99,0,274,120,3.29,1.29,3.0
apache/fesod,5908,1.48,7,22285,23160,6.09,1.37,30.29
weibocom/motan,5904,9.94,28,46905,14814,5.94,1.43,32.72
amitshekhariitbhu/Fast-Android-Networking,5889,10.03,10,19596,3232,3.22,1.25,13.77
lets-blade/blade,5881,10.81,9,15319,6479,4.62,1.23,42.16
ikarus23/MifareClassicTool,5871,13.13,10,6934,4229,11.12,2.27,110.0
PBH-BTN/PeerBanHelper,5865,2.14,191,30565,3841,6.45,1.31,16.0
JakeWharton/DiskLruCache,5857,14.24,0,1937,378,3.25,1.33,11.0
ffay/lanproxy,5854,9.36,1,2668,419,4.24,1.19,8.21
meefik/linuxdeploy,5796,13.61,37,2693,670,7.16,1.65,35.89
Nightonke/BoomMenu,5790,10.03,0,7710,1638,5.63,1.57,227.67
yarolegovich/DiscreteScrollView,5785,9.08,2,3698,158,4.23,1.25,19.11
changmingxie/tcc-transaction,5776,10.32,8,23664,0,5.25,1.31,29.74
Nepxion/Discovery,5768,7.78,132,26230,0,4.78,1.27,18.8
houbb/sensitive-word,5756,6.23,2,4321,3205,3.05,1.17,20.87
dmytrodanylyk/circular-progress-button,5755,11.81,3,1429,18,3.97,1.28,25.33
strimzi/strimzi-kafka-operator,5754,9.9,170,123282,0,10.96,1.49,45.33
JanusGraph/janusgraph,5749,9.26,28,104586,35749,7.02,1.44,43.95
k0shk0sh/FastHub,5736,9.11,63,40321,2420,8.07,1.44,34.76
dromara/lamp-cloud,5732,8.2,0,18878,19357,7.76,1.27,6.81
jagrosh/MusicBot,5729,9.63,38,4097,1466,6.74,2.51,10.59
redis/lettuce,5728,11.89,146,138657,97958,6.5,1.37,146.6
ZHENFENG13/spring-boot-projects,5723,9.0,0,2606,0,4.33,1.07,9.07
yanzhenjie/SwipeRecyclerView,5718,9.66,0,11090,3681,4.85,1.39,26.94
ddd-by-examples/library,5717,7.22,0,1770,20,6.79,1.04,5.43
jpush/aurora-imui,5708,9.3,42,17789,1822,4.81,1.53,50.27
Devlight/InfiniteCycleViewPager,5702,9.6,2,3564,606,5.05,1.63,102.54
201206030/novel,5683,6.39,12,4560,3619,4.42,1.07,20.43
springside/springside4,5667,14.1,3,12842,5241,3.17,1.28,24.78
crazycodeboy/react-native-splash-screen,5663,9.54,12,246,69,3.42,1.25,2.0
ElderDrivers/EdXposed,5661,7.2,27,71794,51474,6.07,1.6,191.08
JakeWharton/u2020,5660,12.38,0,4806,607,6.22,1.43,23.62
wasabeef/Blurry,5659,10.69,0,636,102,5.14,1.0,0.64
hanks-zyh/HTextView,5653,10.28,0,3076,226,4.2,1.56,3.48
microsoft/typespec,5650,4.75,453,193226,0,8.92,1.15,24.46
daimajia/AndroidImageSlider,5616,11.83,5,3813,969,4.06,1.57,59.1
osmandapp/OsmAnd,5615,15.21,1,699261,55399,8.93,1.65,109.05
TommyLemon/Android-ZBLibrary,5607,10.61,25,14727,7446,5.38,1.56,26.67
hongyangAndroid/FlowLayout,5587,10.59,0,810,56,4.32,1.41,5.0
baidu/uid-generator,5581,9.01,0,873,1023,2.88,1.28,11.72
apache/hbase,5575,11.85,50,951912,249702,7.92,1.49,70.14
SuperMonster003/AutoJs6,5574,4.33,21,118612,23608,5.18,1.46,42.4
alibaba/jetcache,5573,8.97,67,18021,2503,6.03,1.64,15.91
hneemann/Digital,5572,9.75,35,76080,27794,5.05,1.68,13.25
mik3y/usb-serial-for-android,5566,12.75,34,8450,899,6.0,1.38,39.54
amlcurran/ShowcaseView,5563,13.63,13,2086,762,5.38,1.4,17.82
alibaba/QLExpress,5555,9.04,25,13807,2339,5.78,1.4,44.0
nhaarman/ListViewAnimations,5535,13.03,14,5697,2887,6.47,2.06,10.46
knightliao/disconf,5531,11.84,12,14009,7934,4.44,1.36,12.62
wuhaoyu1990/MagicCamera,5517,10.23,0,14543,892,3.54,1.47,7.63
danikula/AndroidVideoCache,5515,11.0,20,3217,408,4.83,1.49,14.32
CaffeineMC/sodium,5515,6.16,40,30774,6133,6.29,1.52,17.34
cinit/QAuxiliary,5514,4.17,49,42830,10470,7.47,1.32,40.58
jindrapetrik/jpexs-decompiler,5499,11.89,180,362975,174182,5.95,1.93,60.76
GeyserMC/Geyser,5494,6.73,0,65016,46849,7.99,1.74,33.93
emilsjolander/StickyListHeaders,5481,14.05,16,2112,226,4.81,1.4,3.98
Jasonchenlijian/FastBle,5478,9.6,9,4713,355,4.38,1.3,26.07
scribejava/scribejava,5469,15.57,9,12671,1650,4.21,1.4,10.94
motianhuo/wechat,5468,10.85,0,34426,3108,5.23,1.25,15.45
liquibase/liquibase,5465,14.73,107,99091,19104,6.85,1.78,66.11
KeepSafe/TapTargetView,5462,9.55,24,1965,368,4.51,1.15,49.9
sockeqwe/mosby,5460,11.02,15,17138,0,5.38,1.61,9.64
alibaba/freeline,5459,9.66,22,5357,757,3.8,1.61,13.87
TGX-Android/Telegram-X,5446,4.62,6,421700,27424,9.5,1.43,549.11
dm77/barcodescanner,5445,12.1,6,2796,135,5.29,1.64,11.82
rubenlagus/TelegramBots,5428,10.21,113,22367,0,10.41,2.18,11.31
spring-projects/spring-data-examples,5421,12.16,0,51538,15604,2.63,1.01,0.47
socketio/socket.io-client-java,5413,12.92,7,5639,228,1.92,1.1,4.25
tonikelope/megabasterd,5408,9.5,208,20673,1060,2.76,1.49,85.72
facebookarchive/rebound,5404,12.47,10,4095,1341,4.38,1.32,34.93
killbill/killbill,5397,13.44,151,151373,38314,8.66,1.79,28.23
coobird/thumbnailator,5397,10.68,0,19595,15561,4.09,1.24,93.22
apache/dubbo-spring-boot-project,5395,8.2,13,1908,0,7.11,1.17,11.93
LFDT-web3j/web3j,5386,9.57,121,43232,11748,4.27,1.74,35.48
diffplug/spotless,5385,10.93,52,38634,13753,4.99,1.74,13.91
facebookarchive/shimmer-android,5366,11.09,5,885,92,8.57,1.86,18.0
Evernote/android-job,5361,10.61,31,10693,3064,6.99,1.77,32.01
pmd/pmd,5360,13.72,114,148420,52780,5.75,2.04,43.63
gsantner/markor,5347,8.6,81,30245,4315,6.85,1.48,129.51
h6ah4i/android-advancedrecyclerview,5338,11.18,1,20692,7354,6.61,2.41,32.02
commonsguy/cw-omnibus,5335,14.05,36,71119,28851,5.27,1.69,20.08
remkop/picocli,5334,9.16,86,96033,12730,3.0,1.11,58.91
jgilfelt/SystemBarTint,5333,12.37,3,807,271,8.0,1.78,22.56
runelite/runelite,5331,9.92,0,520312,244648,3.4,1.21,24.54
google/google-authenticator,5326,11.48,0,3935,1932,3.89,1.69,29.66
allure-framework/allure2,5324,9.84,84,10684,5369,5.96,1.31,13.41
dunwu/db-tutorial,5320,8.64,0,11203,0,5.21,1.18,32.61
XRecyclerView/XRecyclerView,5319,10.37,0,5151,424,3.91,1.42,9.04
mybatis/generator,5317,13.13,11,73012,0,7.96,2.46,85.56
Doikki/DKVideoPlayer,5307,8.97,32,18446,3435,5.33,1.59,46.75
LWJGL/lwjgl3,5306,13.27,23,1137803,481752,6.81,2.36,1019.79
zfdang/Android-Touch-Helper,5293,5.46,113,2257,219,4.13,1.18,1.95
Fuzion24/JustTrustMe,5293,11.69,1,598,65,2.56,1.19,2.7
evant/gradle-retrolambda,5281,12.65,37,623,62,4.6,1.04,2.16
Docile-Alligator/Infinity-For-Reddit,5277,7.68,196,96375,4445,6.96,1.55,31.21
yixia/VitamioBundle,5269,13.45,0,6501,2215,4.95,1.32,75.07
citerus/dddsample-core,5266,11.16,0,4639,1214,7.09,1.13,7.03
xxv/android-lifecycle,5265,11.95,0,481,11,7.0,1.67,151.67
CodingDocs/springboot-guide,5260,7.34,0,1522,0,4.12,1.18,1.35
lingochamp/okdownload,5259,8.28,8,18986,6247,6.44,1.27,35.26
razerdp/BasePopup,5255,10.21,15,28316,4205,5.89,1.7,34.33
thinkaurelius/titan,5236,14.09,0,71163,15362,5.86,1.37,20.51
j-easy/easy-rules,5236,13.06,10,4857,4729,5.09,1.31,7.63
Yalantis/Side-Menu.Android,5233,11.21,2,449,23,3.89,1.22,4.11
novicezk/midjourney-proxy,5232,2.93,0,2787,264,5.9,1.24,5.81
CellularPrivacy/Android-IMSI-Catcher-Detector,5232,12.35,48,12171,2958,5.06,1.33,4.96
huangyanbin/smartTable,5229,8.39,44,14165,3112,5.13,1.19,25.93
lucasr/twoway-view,5217,13.2,0,3688,414,6.08,1.82,86.59
bitcoinj/bitcoinj,5215,12.36,14,46448,25930,7.13,1.72,87.97
reactor/reactor-core,5212,10.39,224,202714,48302,7.2,1.68,121.61
Karumi/Dexter,5209,10.37,33,2197,1090,4.42,1.2,4.15
brianfrankcooper/YCSB,5199,15.95,55,22410,9958,7.06,1.64,7.85
oshi/oshi,5193,14.14,170,43527,17585,5.33,1.61,31.18
zhanglei-workspace/shopping-management-system,5192,10.37,0,5353,1939,3.52,1.36,76.33
hustcc/JS-Sorting-Algorithm,5192,9.19,0,389,100,3.58,1.0,2.83
Clans/FloatingActionButton,5187,11.03,14,2805,129,4.64,1.38,139.68
killme2008/aviatorscript,5180,15.01,52,37528,11698,4.64,1.5,63.15
android/views-widgets-samples,5180,6.57,0,7344,2694,4.02,1.73,7.01
Exrick/xpay,5178,8.3,0,1449,300,6.43,1.0,93.43
baomidou/dynamic-datasource,5155,7.92,19,5219,0,5.41,1.14,2.33
careercup/ctci,5146,13.03,0,11244,719,1.96,1.12,5.1
square/otto,5132,13.76,0,1987,816,2.44,1.39,3.55
natario1/CameraView,5126,8.7,42,21155,6433,5.6,1.37,34.76
deathmarine/Luyten,5116,12.72,17,6750,277,2.35,1.54,15.45
tianshiyeben/wgcloud,5115,7.21,31,6105,2556,6.04,1.19,34.54
apache/calcite,5104,11.76,0,377874,157701,7.69,1.7,403.43
youlookwhat/DesignPattern,5103,9.44,0,2603,1204,2.54,1.28,1.43
line/armeria,5093,10.37,269,312297,0,6.44,1.31,32.7
spring-projects/spring-authorization-server,5084,6.04,85,37194,0,10.25,1.39,16.69
sofastack/sofa-boot,5077,7.99,83,32830,0,5.15,1.2,17.82
xuexiangjys/XUI,5073,7.23,23,91066,38328,5.73,1.66,52.71
bisq-network/bisq,5072,12.05,143,178870,57605,7.49,1.75,30.17
OpenTSDB/opentsdb,5064,15.59,27,104636,27945,7.14,1.28,64.88
apache/ignite,5061,11.11,0,1098205,0,5.59,1.66,495.83
Sayi/poi-tl,5056,11.03,14,22801,6476,6.49,1.21,89.66
2227324689/gpmall,5043,6.7,0,8865,4946,4.98,1.36,8.17
wequick/Small,5039,10.34,25,7726,1417,3.81,1.48,20.17
javastacks/spring-boot-best-practice,5037,7.39,1,2396,945,5.0,1.09,3.26
jankotek/mapdb,5036,13.62,0,20198,4494,3.24,2.02,81.85
Kodezi/Chronos,5031,0.69,0,78,1832,3.2,1.0,0.4
Trinea/android-common,5022,13.78,1,6716,5755,4.45,1.25,43.06
ageerle/ruoyi-ai,5020,2.2,6,26750,25343,6.94,1.28,9.59
yipianfengye/android-zxingLibrary,5017,9.68,0,2018,826,4.71,1.33,5.63
youlookwhat/CloudReader,5009,9.36,26,19393,3462,4.75,1.46,19.41
apache/maven,5003,16.86,30,167608,0,5.37,1.54,46.0
rubensousa/GravitySnapHelper,4999,9.58,15,600,220,6.86,1.57,66.0
JodaOrg/joda-time,4987,14.87,51,91632,44914,8.58,2.28,295.38
DingMouRen/LayoutManagerGroup,4986,7.92,0,2285,980,4.95,1.57,9.14
spring-attic/spring-mvc-showcase,4985,14.83,0,1281,44,5.17,1.21,9.45
rstudio/rstudio,4980,15.31,0,236157,71749,4.9,1.28,337.15
orhanobut/dialogplus,4973,11.3,9,1047,294,5.24,1.03,57.86
roncoo/roncoo-pay,4966,9.69,0,19910,15030,5.21,1.28,62.94
alibaba/UltraViewPager,4965,9.0,10,1518,665,5.21,1.38,58.38
HeliBorg/HeliBoard,4965,4.06,63,22664,6086,6.67,1.46,74.85
spring-cloud/spring-cloud-netflix,4961,11.72,30,8012,0,7.33,1.19,94.42
querydsl/querydsl,4958,14.65,35,98636,43598,5.2,1.99,42.9
react-native-config/react-native-config,4954,10.1,33,443,79,4.6,1.5,1.95
frogermcs/InstaMaterial,4953,11.39,1,2223,74,4.79,1.54,9.94
react-native-webrtc/react-native-webrtc,4951,10.51,82,4108,722,6.12,1.15,8.66
orientechnologies/orientdb,4946,13.31,232,452703,62337,6.55,1.62,312.68
Devlight/NavigationTabBar,4935,10.0,13,2538,241,4.02,1.31,57.5
amitshekhariitbhu/RxJava2-Android-Samples,4926,9.59,0,3992,418,3.66,1.25,6.29
DiUS/java-faker,4919,14.82,0,6710,1162,4.12,1.45,40.75
angryip/ipscan,4905,14.76,32,12374,2859,5.06,1.69,4.35
traex/RippleEffect,4904,11.46,0,504,158,3.42,1.37,23.16
fuzhengwei/small-spring,4901,4.88,0,10379,6239,3.47,1.25,12.7
cglib/cglib,4894,12.01,15,17670,4346,3.22,1.53,261.8
Ramotion/folding-cell-android,4892,10.0,0,812,193,4.14,1.33,13.38
Threekiii/Awesome-POC,4890,4.11,2,42,0,7.0,2.0,0.0
zhkl0228/unidbg,4876,7.09,16,94077,2207,5.31,1.61,28.75
reactive-streams/reactive-streams-jvm,4872,12.08,0,15738,2601,3.12,1.28,20.34
mock-server/mockserver,4859,13.09,0,65134,0,7.27,1.69,95.82
spring-cloud/spring-cloud-gateway,4846,9.37,45,42750,0,7.02,1.37,16.57
micrometer-metrics/micrometer,4831,8.97,291,85216,41303,5.76,1.29,19.96
mcxiaoke/packer-ng-plugin,4812,10.35,1,1776,408,2.81,1.39,18.65
deepjavalibrary/djl,4797,6.42,38,96934,0,6.52,1.46,132.88
andkulikov/Transitions-Everywhere,4795,11.46,23,9485,4338,6.87,1.68,25.72
claritylab/lucida,4790,11.88,0,23221,12015,6.55,1.61,23.52
oracle/opengrok,4786,13.23,302,71477,44155,5.29,1.63,78.44
tuguangquan/mybatis,4773,11.41,0,39118,19155,3.73,1.3,21.47
tencentmusic/supersonic,4772,2.8,15,46551,2958,6.29,1.29,46.02
ronmamo/reflections,4770,12.96,3,4782,1020,2.77,1.15,13.66
etsy/AndroidStaggeredGrid,4768,12.31,7,4010,848,5.86,1.86,155.89
TheoKanning/openai-java,4762,5.54,22,2783,1839,5.39,1.08,15.55
saiwu-bigkoo/Android-ConvenientBanner,4758,11.27,0,848,234,4.83,1.45,7.79
zq2599/blog_demos,4757,8.97,0,53030,0,4.03,1.19,14.68
dromara/dynamic-tp,4753,4.23,19,18457,0,4.84,1.29,17.74
nisrulz/android-tips-tricks,4751,9.6,0,22,0,1.0,1.0,0.0
grobidOrg/grobid,4750,13.54,22,64482,0,5.22,1.25,138.36
kyleduo/SwitchButton,4746,11.56,0,1543,108,4.37,1.41,82.48
zlt2000/microservices-platform,4745,7.07,30,7665,5057,6.36,1.25,6.44
hongyangAndroid/baseAdapter,4730,10.66,0,1563,120,4.88,1.32,18.28
saysky/ForestBlog,4722,8.48,0,2437,2057,5.1,1.07,12.69
stleary/JSON-java,4717,15.27,25,13048,8169,3.14,1.19,368.65
google/cameraview,4712,9.65,0,2983,681,4.83,1.26,12.12
spring-attic/spring-security-oauth,4699,14.68,0,35204,0,6.06,1.6,13.4
cjlin1/libsvm,4697,12.55,0,3152,166,3.26,1.35,19.62
hansonwang99/Spring-Boot-In-Action,4694,7.17,0,2714,1221,3.87,1.12,6.01
charles2gan/GDA-android-reversing-Tool,4691,8.41,40,567,50,2.56,1.0,57.38
SPLWare/esProc,4690,4.39,0,428443,99042,6.68,2.17,97.67
jgilfelt/chuck,4687,9.14,5,1698,420,5.83,1.38,55.74
bytedeco/javacpp,4685,11.94,14,27090,7419,5.91,2.01,151.14
981011512/--,4684,5.78,0,338075,0,3.54,2.91,440.43
pardom-zz/ActiveAndroid,4682,13.37,0,3158,1034,5.44,1.74,22.08
bepass-org/oblivion,4680,2.14,12,2641,212,5.64,1.48,11.62
Heeexy/SpringBoot-Shiro-Vue,4676,8.37,0,633,414,5.78,1.41,9.44
karma9874/AndroRAT,4676,6.02,0,1793,20,2.87,1.16,1.38
ant-media/Ant-Media-Server,4654,9.08,68,106409,44340,5.69,1.33,163.96
discord-jda/JDA,4653,10.3,122,72785,94033,8.84,1.82,129.12
wdullaer/MaterialDateTimePicker,4642,11.24,54,7536,1869,6.59,1.47,127.63
JZ-Darkal/AndroidHttpCapture,4641,9.46,1,15900,5132,4.71,1.42,37.0
rememberber/WePush,4640,8.77,58,22791,3716,6.83,1.58,25.15
CalebFenton/simplify,4639,12.2,9,21150,1331,8.99,1.37,20.74
chewiebug/GCViewer,4635,14.44,5,20453,4194,5.27,2.16,49.04
zongzibinbin/MallChat,4634,3.04,0,9260,0,6.24,1.2,4.44
gabrielemariotti/cardslib,4632,12.53,27,32257,15441,5.9,2.18,18.62
romandanylyk/PageIndicatorView,4630,9.61,14,3532,195,5.51,1.5,22.81
nICEnnnnnnnLee/BilibiliDown,4629,7.18,81,19863,6627,4.21,1.72,42.19
yasserg/crawler4j,4627,14.25,3,4736,2353,5.28,1.31,55.89
linhaojun857/aurora,4624,3.61,0,4956,31,7.29,1.12,7.26
apache/rocketmq-externals,4616,9.05,0,11795,0,5.75,1.25,16.45
Netflix/ribbon,4616,13.21,41,21788,7333,4.39,1.27,13.38
h2database/h2database,4613,10.97,24,231740,71073,6.02,2.06,176.99
objectbox/objectbox-java,4603,9.18,54,24758,13223,5.14,1.77,105.62
ReChronoRain/HyperCeiler,4592,2.43,10,57740,13868,3.88,1.49,13.72
SplashCodes/JAViewer,4590,9.86,10,6309,1170,5.79,1.6,11.65
hussien89aa/AndroidTutorialForBeginners,4588,9.51,0,3957,852,4.51,1.5,2.74
puniverse/quasar,4564,13.01,18,52770,26786,3.39,1.5,36.0
chentao0707/SimplifyReader,4559,10.62,0,34709,15509,4.56,1.39,60.29
zhanghai/Douya,4555,10.16,11,44643,9635,5.6,1.63,28.4
javagrowing/JGrowing,4551,7.09,0,329,0,1.53,1.0,1.95
tiann/epic,4542,8.86,5,5127,1349,3.23,1.62,30.4
go-lang-plugin-org/go-lang-idea-plugin,4540,15.59,21,45363,13941,8.12,2.07,110.03
danielzeller/Depth-LIB-Android-,4540,9.92,0,3771,238,3.79,1.21,13.35
square/sqlbrite,4536,11.11,9,3329,1013,4.7,1.36,4.3
jdamcd/android-crop,4530,12.05,6,1676,319,4.29,1.39,26.48
phishman3579/java-algorithms-implementation,4530,12.36,0,31758,6418,3.71,1.58,7.05
201206030/novel-plus,4523,5.91,36,15510,5360,6.48,1.21,46.16
jacoco/jacoco,4519,13.73,50,37400,20208,4.23,1.44,12.45
IoT-Technology/IoT-Technical-Guide,4519,7.0,0,5235,1302,4.09,1.25,3.16
alibaba/dexposed,4517,10.75,0,2414,938,2.92,1.69,82.83
castorflex/SmoothProgressBar,4513,12.34,9,2208,104,4.85,1.23,26.31
azkaban/azkaban,4510,13.45,48,93837,31462,6.47,1.35,35.84
Flipboard/bottomsheet,4504,10.94,10,2578,655,4.9,1.37,27.66
Freeyourgadget/Gadgetbridge,4488,11.23,0,242946,0,5.38,1.83,38.69
HotBitmapGG/bilibili-android-client,4485,9.83,1,38892,2869,4.92,1.82,42.79
water8394/flink-recommandSystem-demo,4473,6.88,0,1835,391,3.73,1.08,6.4
JakeWharton/NineOldAndroids,4470,14.31,0,7585,3852,4.29,1.43,30.14
Meituan-Dianping/Robust,4466,9.05,13,2953,615,3.52,1.26,17.36
s4kibs4mi/java-developer-roadmap,4454,6.94,0,5,0,0.0,1.0,0.0
flutter-webrtc/flutter-webrtc,4452,8.07,138,8455,700,6.66,1.22,40.0
apache/shiro,4438,16.59,17,36885,40701,5.03,1.79,19.84
dreamhead/moco,4431,13.45,1,17905,243,5.81,1.54,34.57
janishar/android-mvp-architecture,4431,9.17,0,4049,1707,5.82,1.38,14.11
square/android-times-square,4426,13.16,0,2286,311,4.55,1.23,25.87
Tencent/GT,4412,10.21,3,55663,17070,3.9,1.3,13.67
Snailclimb/guide-rpc-framework,4399,5.89,0,2408,948,4.69,1.23,1.23
ThirtyDegreesRay/OpenHub,4393,8.72,31,24549,2020,6.76,1.63,32.93
robinhood/ticker,4383,9.71,9,1581,507,4.61,1.32,27.61
crate/crate,4377,12.97,159,441366,152868,7.57,1.65,50.4
Querz/mcaselector,4373,7.94,75,37258,870,6.9,2.55,23.23
AsamK/signal-cli,4367,10.89,110,27821,580,6.95,1.57,50.28
pytorch/serve,4361,6.49,24,18747,1352,5.8,1.47,63.92
awangdev/leet-code,4357,10.93,0,2109,31725,2.02,1.0,1.09
Ashok-Varma/BottomNavigation,4357,10.03,16,2091,992,7.53,1.43,69.27
eirslett/frontend-maven-plugin,4353,12.58,0,3712,432,5.6,1.73,7.05
iterate-ch/cyberduck,4344,9.19,0,299881,128139,6.36,1.35,65.98
mywalkb/LSPosed_mod,4336,4.01,10,24128,4771,5.57,1.62,50.2
jitsi/jitsi,4318,12.93,7,196435,0,5.44,1.9,39.37
torakiki/pdfsam,4313,12.51,71,19937,14667,6.97,1.4,4.96
jeasonlzy/ImagePicker,4311,10.17,5,3685,791,5.83,1.49,23.08
google/open-location-code,4309,11.5,5,2295,901,4.96,1.18,4.55
failsafe-lib/failsafe,4308,10.75,0,10026,7030,6.39,2.06,19.18
apache/streampark,4305,6.84,17,23736,0,7.47,1.28,18.96
bingoogolapple/BGARefreshLayout-Android,4304,10.84,4,5450,1044,5.15,1.41,9.8
geoserver/geoserver,4303,14.39,69,703725,0,7.52,1.82,42.64
brianway/java-learning,4290,10.14,0,10984,5949,1.08,1.29,0.6
apache/fory,4286,2.92,65,102165,23767,5.07,2.12,46.19
alibaba/fastjson2,4281,3.95,61,424620,34509,2.84,1.19,276.15
bjmashibing/InternetArchitect,4280,6.45,0,44604,7994,4.68,1.16,63.77
mcxiaoke/android-volley,4271,12.86,0,4965,2907,5.09,1.89,15.82
camunda/camunda-bpm-platform,4267,13.24,0,543917,0,6.28,1.65,86.64
M66B/FairEmail,4266,7.66,1000,244222,58444,4.73,1.27,33.41
ongakuer/CircleIndicator,4266,11.67,7,1712,77,6.51,1.62,8.51
grantland/android-autofittextview,4261,15.12,1,470,233,5.38,1.38,40.75
aporter/coursera-android,4257,12.23,0,18164,0,4.25,1.5,3.36
microsoft/malmo,4252,9.87,21,19130,5096,7.05,2.14,12.85
nining377/dolby_beta,4250,5.86,37,7302,1180,4.15,1.45,7.95
mybatis/spring-boot-starter,4247,10.51,34,4434,0,4.54,1.22,16.18
zendesk/maxwell,4242,11.14,214,17755,1704,6.11,1.62,32.14
dromara/hmily,4239,8.5,0,27504,0,5.37,1.22,10.65
jboss-javassist/javassist,4228,12.85,24,83226,21540,3.39,1.55,43.91
LibrePDF/OpenPDF,4225,9.72,87,156521,96808,5.94,1.85,91.43
JetBrains/fernflower,4214,11.49,0,55513,3076,4.38,1.24,33.49
ChadCSong/ShineButton,4201,9.74,2,988,67,4.83,1.62,23.62
aws/aws-sdk-java,4199,16.02,0,8603744,0,7.0,1.21,123.2
yhaolpz/FloatWindow,4198,8.38,9,1473,158,3.77,1.27,9.73
jishenghua/jshERP,4183,9.52,6,71607,4900,5.85,1.33,1686.01
syncthing/syncthing-android,4183,12.1,332,8424,1386,6.51,1.69,9.05
Jacksgong/JKeyboardPanelSwitch,4182,10.75,14,1736,909,5.2,1.3,7.38
powermock/powermock,4182,11.84,16,32976,0,3.44,1.24,22.71
hugeterry/CoordinatorTabLayout,4181,9.17,0,473,123,5.29,1.41,9.41
codingapi/tx-lcn,4181,8.38,14,7772,2782,4.95,1.21,6.34
oddfar/campus-imaotai,4180,2.73,11,7728,5506,6.34,1.41,20.38
jMonkeyEngine/jmonkeyengine,4176,12.03,82,195784,134634,7.66,1.43,68.57
googlesamples/mlkit,4169,5.84,1,10638,3032,7.73,1.53,9.53
bingoogolapple/BGABanner-Android,4167,11.43,0,2123,358,5.0,1.58,26.28
pedrovgs/AndroidWiFiADB,4156,10.45,8,1096,317,2.87,1.5,12.13
lilishop/lilishop,4142,4.88,3,43407,33161,7.62,1.31,13.65
JFormDesigner/FlatLaf,4135,6.61,90,77047,27348,3.86,3.54,61.28
lukas-krecan/ShedLock,4127,9.3,0,12935,0,6.07,2.12,7.7
pqpo/SmartCropper,4126,8.66,13,1021,113,6.25,1.33,122.5
gh0stkey/HaE,4125,6.02,88,5879,155,4.44,1.7,12.9
bitcoin-wallet/bitcoin-wallet,4116,14.0,0,18379,3289,7.53,1.71,5.41
BoCloud/folib,4109,0.73,1,116758,0,6.88,1.34,41.82
dinuscxj/LoadingDrawable,4106,9.95,0,4428,178,6.51,1.45,15.83
DTStack/chunjun,4104,7.99,31,105622,36747,7.14,1.57,20.7
alibaba/Tangram-Android,4103,9.0,38,24338,11522,5.26,1.68,23.21
code4craft/tiny-spring,4089,12.22,0,1543,871,3.08,1.15,2.37
qunarcorp/bistoury,4087,6.66,8,73638,24339,4.84,1.28,21.42
Manabu-GT/ExpandableTextView,4077,11.87,4,552,74,5.13,1.73,11.8
oblac/jodd,4073,13.56,37,26882,23818,3.99,1.44,12.95
jetty/jetty.project,4071,14.72,144,731128,0,5.58,1.63,25.5
rubensousa/ViewPagerCards,4069,9.61,0,240,15,5.33,1.56,2.22
RipMeApp/ripme,4066,9.23,145,19912,2535,5.01,2.54,28.27
orhanobut/hawk,4065,11.11,22,834,230,3.62,1.04,12.96
camunda/camunda,4060,10.03,569,745043,0,7.16,1.36,30.39
knowm/XChange,4052,14.16,0,150057,0,6.0,1.49,24.98
Creators-of-Create/Create,4049,6.7,5,148658,0,11.1,1.75,29.47
tronprotocol/java-tron,4046,8.26,82,152218,16265,8.81,1.78,82.77
luckybilly/CC,4045,8.35,0,4599,1248,4.97,1.26,16.32
freeplane/freeplane,4031,13.54,57,195371,37392,4.59,1.51,45.9
uber/NullAway,4025,8.58,38,25403,10140,4.76,1.2,58.05
xcltapestry/XCL-Charts,4022,11.81,0,23397,13014,7.74,2.18,49.04
BoltsFramework/Bolts-Android,4018,12.16,11,5144,1061,3.0,1.09,19.01
oldmanpushcart/greys-anatomy,4017,13.36,0,10774,2983,4.07,1.15,6.77
jbloch/effective-java-3e-source-code,4015,7.66,0,3018,678,1.13,1.19,1.33
awaitility/awaitility,4003,16.19,0,5473,3772,3.18,1.19,18.58
makovkastar/FloatingActionButton,3997,11.69,0,1014,16,5.67,1.81,37.59
lcodecorex/TwinklingRefreshLayout,3991,10.08,0,6273,776,4.28,1.37,36.27
Yalantis/Phoenix,3989,11.21,1,976,33,4.33,1.67,7.54
JeremyLiao/LiveEventBus,3987,7.72,0,7782,1022,3.23,1.11,4.04
mouredev/hello-java,3987,1.02,0,823,525,0.64,1.33,0.47
Piasy/BigImageViewer,3987,9.4,0,2513,993,4.61,1.29,12.81
fishercoder1534/Leetcode,3980,9.66,0,140407,6725,1.55,1.0,0.29
pingfangushi/screw,3972,5.77,0,3941,8091,4.99,1.35,5.24
qstumn/BadgeView,3971,9.14,5,1759,63,4.34,1.31,49.89
mercyblitz/tech-weekly,3971,7.33,0,1391,431,2.89,1.02,2.12
rovo89/XposedInstaller,3970,13.99,0,8980,277,4.9,1.42,8.52
Dimezis/BlurView,3966,9.94,32,939,220,5.9,1.5,7.0
zzhoujay/RichText,3964,10.69,0,5185,972,4.27,1.45,10.55
google/bundletool,3963,7.91,65,54884,16838,9.68,1.27,83.32
shuzijun/leetcode-editor,3960,7.03,59,13448,1094,6.32,1.74,20.15
binIoter/GuideView,3954,9.78,0,1246,353,3.74,1.37,8.23
kubernetes-client/java,3953,8.9,58,2265982,632967,7.33,1.6,242.13
linyiqun/DataMiningAlgorithm,3949,11.22,0,11663,4053,2.29,1.09,9.96
promeG/TinyPinyin,3941,10.5,2,1401,260,2.06,1.09,8.75
JoanZapata/android-iconify,3932,12.8,0,909,170,3.51,1.23,5.19
rengwuxian/RxJavaSamples,3921,10.02,3,1001,26,4.55,1.4,1.6
VaughnVernon/IDDD_Samples,3921,12.98,0,28475,7659,4.74,1.66,27.33
sofastack/sofa-rpc,3921,7.98,66,72930,43323,5.21,1.32,24.44
amirzaidi/Launcher3,3907,8.84,22,60130,13413,7.24,1.47,63.68
databricks/learning-spark,3900,11.79,0,2295,209,2.83,1.02,1.8
bluelinelabs/Conductor,3900,10.04,36,5385,854,5.48,1.35,71.34
shopizer-ecommerce/shopizer,3899,13.36,18,53489,11864,7.94,1.68,34.15
JavaNoober/BackgroundLibrary,3894,7.56,13,8029,259,4.79,1.21,34.18
Exrick/xboot,3893,7.94,6,10265,5575,7.42,1.21,2.66
alibaba/jstorm,3885,12.57,22,296316,49817,5.54,1.55,42.37
vipulasri/Timeline-View,3882,10.29,15,418,141,9.0,1.5,453.5
RikkaApps/Sui,3880,5.24,21,4514,1391,4.93,1.18,14.55
wendux/DSBridge-Android,3878,9.24,2,1841,118,2.98,1.11,15.98
react-native-share/react-native-share,3877,10.5,145,1792,202,5.59,2.07,8.61
ZHENFENG13/My-Blog,3876,7.07,0,2411,470,4.76,1.05,29.55
emanuele-f/PCAPdroid,3868,6.23,68,24126,3835,9.36,1.56,88.39
watabou/pixel-dungeon,3864,11.68,0,38623,8689,5.72,2.54,12.42
yacy/yacy_search_server,3857,11.03,0,167065,59215,5.34,1.37,46.81
yanzhenjie/AndServer,3854,9.8,1,12029,7912,5.02,1.54,48.05
uncle-novel/uncle-novel,3851,7.3,1,16991,6689,7.29,1.66,10.42
spotbugs/spotbugs,3849,9.4,73,220429,70689,4.07,1.37,25.68
MovingBlocks/Terasology,3847,15.07,70,112342,29674,6.16,1.45,25.27
RoaringBitmap/RoaringBitmap,3846,12.79,46,79524,12154,5.57,1.14,258.02
timehop/sticky-headers-recyclerview,3846,11.49,0,808,206,4.62,1.28,3.24
aurelhubert/ahbottomnavigation,3826,10.04,14,2339,663,5.11,1.17,57.48
MiguelCatalan/MaterialSearchView,3824,10.54,6,1361,147,4.05,1.32,22.66
NotHarshhaa/DevOps-Projects,3817,2.64,0,4452,2606,5.77,1.19,22.75
happydog-intj/CircleProgress,3815,11.42,0,1451,225,5.76,1.68,85.76
JCTools/JCTools,3810,12.39,19,45931,13960,4.67,4.37,22.47
sofastack/sofa-jraft,3798,7.07,32,137746,33742,6.22,1.47,76.24
blossom-editor/blossom,3793,2.65,19,13365,10515,5.72,1.34,6.98
sunfusheng/MarqueeView,3790,9.83,0,804,74,5.41,1.36,5.45
mcxtzhang/SwipeDelMenuLayout,3788,9.6,2,1085,268,3.1,1.25,5.2
tchiotludo/akhq,3785,7.56,43,17177,1327,8.19,1.3,29.43
rbmonster/learning-note,3785,5.79,0,13368,6215,2.19,1.17,2.89
zhpanvip/BannerViewPager,3779,9.01,59,3154,1098,5.41,1.41,47.82
yanzhenjie/NoHttp,3774,10.67,0,8428,5906,4.46,1.5,45.65
mpusher/mpush,3773,9.92,9,15032,8734,4.73,1.34,24.57
lygttpod/SuperTextView,3767,9.45,39,4002,1414,3.05,1.16,141.67
FCL-Team/FoldCraftLauncher,3767,3.45,148,116168,22511,5.34,1.67,50.23
apache/kylin,3765,11.24,2,317873,0,7.8,1.5,137.73
helidon-io/helidon,3764,7.59,139,314204,0,5.46,1.38,33.98
CameraKit/blurkit-android,3763,9.4,3,497,129,6.1,1.5,30.3
Ereza/CustomActivityOnCrash,3762,11.74,12,893,472,5.4,1.33,32.33
Atmosphere/atmosphere,3747,15.75,24,83913,36790,5.63,1.21,30.21
jtablesaw/tablesaw,3744,10.25,84,48467,11352,6.27,1.28,108.53
Netflix/maestro,3743,1.95,0,57771,18065,8.5,1.58,27.5
undertow-io/undertow,3742,13.7,18,168171,50662,5.22,1.24,37.17
roboguice/roboguice,3741,13.63,0,74026,19657,4.5,1.22,7.13
portfolio-performance/portfolio,3741,14.02,264,298860,47193,7.44,1.4,86.82
lihangleo2/ShadowLayout,3730,6.73,32,4447,802,4.21,1.16,29.77
andOTP/andOTP,3730,8.74,38,8443,1259,6.11,1.5,41.42
coderbruis/JavaSourceCodeLearning,3730,5.83,0,6045,2379,2.85,1.26,3.14
ethanhua/Skeleton,3724,8.67,0,752,93,3.73,1.24,4.61
stfalcon-studio/ChatKit,3723,9.16,1,4680,1306,5.77,2.9,35.48
HelloWorld521/Java,3717,9.31,0,2697,1024,3.81,1.42,5.1
DataLinkDC/dinky,3715,4.81,32,61123,0,7.05,1.37,25.14
willowtreeapps/spruce-android,3711,9.1,3,4269,2427,4.86,1.37,5.35
OpenHFT/Chronicle-Queue,3710,12.83,540,29075,10072,5.4,1.6,169.34
liuyubobobo/Play-with-Algorithms,3710,9.74,0,5287,2423,2.89,1.01,5.2
grpc-ecosystem/grpc-spring,3707,9.25,34,10752,9556,6.61,1.48,5.37
ByteLegend/ByteLegend,3705,5.16,0,104032,5421,6.98,1.0,727.84
DependencyTrack/dependency-track,3704,12.71,75,60942,19819,8.97,1.52,112.7
ryanhoo/StylishMusicPlayer,3699,9.54,0,5777,884,5.03,1.31,13.22
dromara/liteflow,3699,6.02,0,43612,0,4.88,1.78,15.07
dingjikerbo/Android-BluetoothKit,3697,10.48,0,8347,709,4.07,1.24,18.7
microservices-patterns/ftgo-application,3694,8.44,0,6868,0,5.35,1.19,8.19
FasterXML/jackson-databind,3693,14.27,0,193208,58819,3.78,1.74,23.83
IrisShaders/Iris,3692,5.44,140,37710,5199,6.23,1.31,22.95
springdoc/springdoc-openapi,3689,6.72,103,54726,0,3.93,1.31,9.07
1024-lab/smart-admin,3688,6.37,24,12880,0,6.42,1.23,3.78
apache/incubator-heron,3683,10.51,56,70465,0,5.7,1.47,20.75
Mojang/brigadier,3680,11.54,3,4312,448,6.64,1.15,44.55
Haleydu/Cimoc,3679,5.73,61,26130,2824,5.87,1.5,23.27
linkedin/databus,3676,13.28,0,124341,0,5.53,1.36,46.73
networknt/light-4j,3675,9.56,195,74948,30541,4.74,1.17,24.55
apache/tika,3669,16.86,0,177660,0,6.17,1.52,31.0
lisawray/groupie,3669,9.58,28,3898,502,5.1,1.83,29.9
yangfuhai/ASimpleCache,3665,12.67,0,1993,798,4.45,1.45,38.52
mbechler/marshalsec,3665,8.86,0,2214,1805,7.29,1.82,14.58
google/rejoiner,3662,8.31,3,3566,1326,6.62,1.57,4.92
spring-io/initializr,3661,12.81,19,33315,18821,6.2,1.26,35.71
KunMinX/Linkage-RecyclerView,3659,6.94,0,2552,850,6.4,1.55,10.39
anggrayudi/android-hidden-api,3650,10.54,2,478,349,8.0,1.0,56.5
fyhertz/libstreaming,3647,13.16,0,6798,2154,3.57,1.42,23.29
TNG/ArchUnit,3646,8.94,43,80143,0,3.61,1.28,39.49
huburt-Hu/NewbieGuide,3645,8.67,20,1896,357,4.31,1.18,10.44
dropbox/hackpad,3645,10.63,0,87731,30891,5.09,1.81,152.3
fabric8io/kubernetes-client,3636,10.73,131,382584,0,21.9,1.11,85.89
litesuits/android-common,3629,11.84,0,6519,5695,3.52,1.25,124.35
spockframework/spock,3626,15.3,28,25871,0,5.39,1.44,34.4
alibaba/Alink,3619,7.5,22,475597,0,6.44,1.63,34.7
PlexPt/chatgpt-java,3614,3.31,24,2014,831,5.28,1.28,14.59
Nekogram/Nekogram,3612,2.55,46,1690603,104973,6.94,1.67,70.29
oasisfeng/island,3612,9.94,50,7631,1047,6.8,1.52,52.11
termux/termux-api,3610,10.75,53,11674,716,5.47,1.39,3.68
dtinit/data-transfer-project,3610,8.24,61,33878,0,6.88,1.25,6.87
hmkcode/Android,3608,12.57,0,1387,255,4.7,1.66,2.14
rockerhieu/emojicon,3607,12.2,2,2971,553,5.15,1.56,6.77
googlemaps/android-maps-utils,3606,12.87,63,13946,7284,7.01,1.67,37.91
cSploit/android,3591,11.49,33,22657,3036,4.21,1.52,15.65
apache/logging-log4j2,3590,12.8,18,168750,0,5.52,1.51,46.47
tyrantgit/ExplosionField,3584,10.52,0,343,51,4.9,1.5,4.3
vert-x3/vertx-examples,3584,11.1,0,9120,2474,5.35,1.82,1.03
WVector/AppUpdate,3582,8.78,3,2925,1059,4.44,1.16,37.14
kikoso/android-stackblur,3580,12.62,0,933,189,1.76,1.1,0.59
AxonFramework/AxonFramework,3571,14.33,150,164570,0,6.17,1.26,11.91
davideas/FlexibleAdapter,3571,10.91,31,15857,8837,5.99,2.11,102.16
dongjunkun/DropDownMenu,3567,10.77,2,513,85,4.53,1.37,2.16
LinShunKang/MyPerf4J,3565,8.05,25,10519,1281,3.9,1.16,10.16
JakeWharton/ThreeTenABP,3557,10.74,0,117,9,4.29,1.43,1.43
code4craft/netty-learning,3553,12.53,0,68759,39562,5.06,1.65,39.25
bilibili/MagicaSakura,3552,9.77,3,5367,1025,8.3,1.68,25.44
immutables/immutables,3550,12.73,21,72283,24178,4.67,1.29,30.66
dariuszseweryn/RxAndroidBle,3547,10.15,60,15479,3316,5.37,1.31,53.48
Netflix/concurrency-limits,3547,8.3,103,5153,1659,4.61,1.28,8.38
M66B/NetGuard,3539,10.43,165,13021,967,4.81,1.25,18.49
johncarl81/parceler,3537,12.74,0,10156,3342,4.69,1.35,16.59
arimorty/floatingsearchview,3533,10.36,0,4170,889,3.57,1.18,26.28
spring-cloud/spring-cloud-kubernetes,3531,9.3,39,36601,0,8.25,1.3,4.89
Guardsquare/proguard,3529,7.01,36,33276,23748,9.25,1.23,58.47
luontola/retrolambda,3527,12.7,0,4848,575,2.48,1.41,9.0
nageoffer/12306,3523,2.84,0,8660,0,5.05,1.2,2.71
andremion/Music-Player,3521,9.9,2,926,270,4.41,1.75,5.03
rom1v/sndcpy,3520,5.81,2,214,2,7.75,2.0,20.25
Aefyr/SAI,3520,7.29,45,16401,801,6.43,1.54,13.26
lenve/JavaEETest,3513,9.3,0,2133,696,3.52,1.1,3.27
eclipse-openj9/openj9,3509,8.6,57,644527,228453,3.3,1.53,111.02
lsjwzh/RecyclerViewPager,3507,11.2,10,2735,203,4.31,1.49,9.97
nytimes/Store,3504,9.33,0,11288,3216,6.2,1.56,17.06
codeestX/GeekNews,3498,9.65,0,11939,1734,4.63,1.45,10.01
baoyongzhang/SwipeMenuListView,3497,11.6,2,1347,233,4.39,1.45,15.24
Athou/commafeed,3494,13.03,66,9527,586,7.44,1.37,5.96
apache/incubator-kie-optaplanner,3489,15.12,6,155526,0,7.25,1.84,49.22
KingJA/LoadSir,3485,8.57,6,1481,366,5.19,1.55,4.01
getActivity/Toaster,3481,7.54,38,1481,563,4.53,1.33,38.64
phodal/migration,3477,6.23,0,101,11,1.42,1.0,0.08
ittianyu/BottomNavigationViewEx,3475,9.38,19,1371,541,4.9,1.59,50.14
